character,comment_ids
Ennies Lobby,"jbyn8et,jj8ro7a,k9wtz47,m6sdcqv"
Law,"jbymr53,jbyl00j,jbyh3ex,jbygzkl,jbygfz9,jbyewpe,jbyewkr,jds0d3h,jdrydi9,jdrxe2h,jdrx4dw,jdrvr19,jdruq7c,jeoskz5,jgil7k6,jgikvuy,jgikqhb,jgikm0i,jgi7o3c,jgi4mcz,jghyphf,jhf9kzn,jibzxu2,jk5bkne,jk58qwg,jom403l,jphyllu,jphxa4c,jphwv4z,jphvxru,jphvbvi,jphtxd4,jt5kjed,ju3ny00,jyzcxif,jzzsdze,k20zmc1,k315zas,k31594q,k6zljam,k8yi1ab,k9wwv5w,kcsmnxx,kgrhic6,kgrfz7o,kjzljq7,kpyy37f,kpyx47w,kpyw7uw,kpyveyq,kr0u8ur,liqohch,lm5ppia,lm5nimc,lzwuyk3,lzws4vl,m12le6d,m275z00,maldmk9,mbvtc92,md41qar,md40eil"
🤔🤔🤔🤔,jbylrrc
Finna,jbylgbz
Watch Imu,jbyj6ej
Dressrosa,"jbyif5e,k8yfdlq,kcsipzp,lqnptim"
Shanks,"jbyi7vr,jbygzkl,jbyfwza,jcur80x,jcuqjo2,jds0oll,jdrydi9,jdrxym8,jdrvroq,jdrutwo,jdruq7c,jgil7k6,jhfd9n2,jhfctol,jhfalho,jic81uu,jic1t88,jj8r6z5,jk58het,jl27kek,jlz3hld,jlz2wtl,jom403l,jphu6j3,jphtty6,js827uq,jt5ks8a,jt5icz7,jt5g831,jw1d9ar,jyzirhq,jyzcxif,jzzxmua,jzzvb9r,jzzv1j9,k20zul6,k6047w1,k600qwk,k6009f7,k7yn917,k7yiwdp,kav8srm,kbujq67,kcspvgu,kcso4xf,kcso35h,kcsk5l0,kcsjzq4,kcsfyoa,kfq3l35,kpyv1ve,kr0zuya,kr0uxq1,kt6mo1s,kt6ktvk,ku987t4,ku97jof,ku96j5u,ku91c79,kvbfogw,kyhyz7u,lir9asb,lir0265,liqypw2,liqqh9o,liqjaib,ll10mj8,ll0yuf8,lm5rrih,loep4h3,loeogos,loeo45j,loenmlu,loekf19,lpj41p4,lqngimf,lqne4wf,lsvvb6b,lsvsm9k,lv7oxnj,lwgeju6,lwgd73y,lwgcx2j,lwgcsj8,lwgajm3,lwg86ck,lwg7m67,lzwvbq1,lzwuyk3,lzwtocj,lzwmgix,m3bl4r2,m3bgbu1,m3bg6kr,m4e6ssu,m6sdcqv,m6s8wk6,m80tfl8,m9b48t2,m9b2yhs,m9azenv,m9az8bf,malndpw,maldyu1,mbvq425,md40p00,medv190,medutnk,mfn7x05,mfn5or7,mgw70fe"
Sanji vs Bruges,jbyha4v
Writers,jbyh3ex
Nami,"jbyh3ex,jnta4ej,jnt7ork,jom66fz,jw18z68,jx0yu7u,jyzhlet,k214p1v,k20zmc1,k318isa,k50d8v3,k509duk,k508j7t,k508g4w,k9wwbeo,kbuewed,kerll0p,khujamz,khui03a,kr0tyty,ks3rmnv,ks3j3ab,kxflyn5,kxfi074,kzkkod4,kzkjbwb,kzkifwo,kzkfkq0,kzkf4wp,kzke7fu,kzkcvx9,ll0z62z,lm5i1o8,lm5elsn,lnakeol,lpj96wl,lqnkvpx,lsvwi9d,lsvru98,lsvqgxd,lu1rawj,lu1r5rj,lwgccbk,lwga4wu,lwg7uvx,lzwgzk9,m12hsjp,m275z00,m3bep6h,m4e5ycp,m6scm5v,m6s6h93,m811vc2,m810sn1,m80wzum,m80u3mz,m80tfl8,mbvq425,mbvp2t2,meduqj6,mfndnpd,mgw1n27"
donald trumps voice,jbyh0y2
Kidd,"jbygzkl,jbydoop,jdrydi9,jdrxe2h,jdrvpjc,jdruq7c,jeowx8k,jeovxuq,jgik8cz,jgicvuu,jghyphf,jic5wsh,jk5dc17,jk5cq5l,jk58qwg,jk56jpq,jk56aly,jlz5vxu,jlz3hld,jlz3bsz,jom5pn0,jom3hcg,jphwv4z,jphunvm,jphuhsa,jphu6j3,jphu0gb,jv2aqml,jyzcxif,k213qj9,k318vfn,k317en8,k315zas,k315jzc,k30zonv,k30zdnj,k7yll7d,k9wzsuw,kcsmnxx,kgribjb,kgrhic6,kgrfz7o,kvb7d6r,kwdkbq7,kwdjm7n,kwdcugv,kxfptk5,kyiax7w,lwg995f,lwg8gys,lwg6qmg,lzwuyk3,lzws4vl,lzwrbc5,lzwr2lb,lzwq463,lzwkj0e,lzwii8w,m12n4gi,m6s8wk6,mbvlffw,md45n49,md40wzu,md3vhwv"
Kaidou,"jbygzkl,jdrumbc,k10r696,kxfcxm8"
Ace,"jbyfzra,jom6ovf,jrb4247,jt5luv4,jt5g831,k004i25,jzzv28y,k8yhx97,ku94kmq,lsvrxtz,mgw5jht"
sanji gon,jbyezfn
:P,jbyew1d
Van Augur,"jbyeust,k9x46bp,k9x3vyc,k9wwbeo,kpysxbl,kpyspx1,kpyq0em,kpyptdi,kxfi074,kxfgcz7"
Catarina Devon,jbyeust
Pretty Eyebrows,jbye3zx
loli,jbye1ms
Hajrudin,jbye0ag
Fujitora,"jcuv6ic,jcutx68,jdrujkc,jflranq,jic3m88,jj8odmv,jj8o6j9,jmw68si,jmw54k7,jmw4gh2,jrb69xv,jrb4fq1,js83un7,k9wwv5w,k9wutup,k9wto2m,kfq1cef,lwgajm3,lwg81ti,mgw2y19"
Sabo,"jcuv6ab,ks3tdlh,lwg8gys"
Pell,"jcuv6ab,jdrxym8,jx17lkb,jx169yo,kyhzlo4,lys52p8,m3bemv9"
Saul,"jcuv6ab,jx14njh,jx122qf,ku965v6,kvbfvly,kvbfuf8,kvbfoo2,kvbeqco,lsvseq0,m27i8e4,m4e8cw8,m6senid,m6sdza4,m6sdxtw,m6sdcqv,m6sccbw,m6sanna,m6sami2,m6s998l,m6s8wk6,m6s8mq7,m6s7ydk,m6s7hdu,m6s6wih,m6s6qu7,m6s6834,m6s5xz5,m6s5lhk,m6s4pm4"
Mouth,jcuuhxg
Dan,jcutf4p
Little Boy,jcut5le
Shakespeare,jcusscw
Tsutomu Yamaguchi,jcurmed
Zou,"jcurk5m,kav5eel,ll12hav,loeny96,lpj96wl,lsvr77a"
Zunisha,"jcurk5m,kxfm99h,lsvwjki,md3zs9e"
Sanji,"jcurhij,jds0suh,jeov7cj,jflpqq5,jflox6o,jfloc52,jflnmp4,jgikife,jgi294x,jhfbsyf,jhf8smk,jhf8nnl,jic5ee3,jj8p4n4,jk5cp4b,jk55uhi,jl29po8,jl271hi,jl26fme,jlz4afb,jlz2p7n,jnta4zy,jom7swe,jrb6ix1,jt5jk61,ju3t342,jw1asg3,jxzsiow,jyzjbk3,jyzhlet,jzzzvcj,k20xrxd,k40w8er,k40u5y2,k50hgta,k600n2z,k6zh33w,k6z9zbz,k8yj8gs,kav8srm,kds8jd0,kerse1v,kerretp,kerjpr8,kfq96w5,kgrnpvi,khuhxf3,kixb0c0,kjzklxd,kjzilq2,kjzfdfa,kpyveyq,kr0rmym,kr0ri5l,ks3rflg,ks3fk5j,kt6paub,kt6obvo,kt6m5ep,kt6l8nn,ku96fay,ku92zg9,ku90f01,kvbgphx,kvbc1iu,kvba808,kvb8zkg,kxfo5v1,kyi26up,kzkkod4,kzkjbwb,kzkhd12,kzke0gs,kzkclx6,kzkay1s,kzk8xzt,kzk8pnh,kzk83id,ljwdcah,ll15ay5,ll14m72,ll14c7p,lm5q375,lm5i1o8,loeoz51,lpj96wl,lpj38sz,lqnkvpx,lv81r89,lv81otg,lxmttgm,lxmlhus,lxmjvjx,lzwsy1f,m12hsjp,m4e5juv,m80j7ey,mbvqq5z,mbvq425,mbvmprj,mbvlyau,mbvkn81,md3xorl,medx2r8,mfndnpd,mgw1n27"
roger,"jcuoqpv,jk5al39,jphxrk8,m26y5q8"
Wb,"jcuoqpv,jcuo0hv"
Roger,"jcuo0hv,jdrzhat,jflr7r7,jflqrj5,jflqrj5,jflo21z,jflni2r,jgidau2,jhfaig0,jic8fed,jlz4i7s,jnt9w6e,jnt5yzy,jphwv4z,js83un7,jt5icz7,jt5fj3h,jyzcxif,k004i25,jzzv28y,k20yvgc,k6zfen1,k8ymvx4,k8ybz38,k9x6lfi,kbuefsn,kbu8pn8,kcso4xf,kcsklpk,kcshqm6,kern1g5,kt6maac,kt6lyb9,ku987t4,ku95hqr,kvb8b9i,kvb7z8i,kwdgibn,ljw76rd,ll10mj8,ll0yuf8,loenmlu,loelpbv,lu1pzp5,lv7zixg,lwgcx2j,lwg6qmg,lxmt6bv,lxmqmsj,lxmoj45,lzwtncu,m12fuks,m12fqsf,m12e3bx,m3bj4wx,m3bfbi5,m4e9oiq,m4e4p18,m80ys0r,m80sv6u,m9b48wf,m9b2yhs,mbvoylw,md40p00"
Sanji Hate,jcuo0hv
Arlongs,"jcunuio,jv2c86g"
Koido,jcunuio
Arlong,"jcunuio,jnta4ej,jv2c86g,k10s3qv,lir9l2s,lpj4mmj,lwgdcrn,lwgccbk,lwg9ent,lwg6x5d,lys0o8h,m12f40d,m279yoq,m6sb9i7,mfn4l6x"
Watsuki,jcuni33
jinbie,jds0u96
OP,"jds0r0v,jrb4788,lm5fkrg,lv7n3po,lys6msa,m12lag6,m12ipt5,m4e50a2,mgw7qa8"
Hancock,"jdryu1t,kgrgrrq,kpyy37f,kpyw7uw,lm5nimc,loem1ho,m27cgr2,m4e56bg,m810ple,md49s8c"
Crew,"jdrxxeu,lv7s16u"
Hera,jdrxe2h
Hybrid Kaidos,jdrxe2h
Zeus,"jdrxe2h,lu1r5rj,lxmirx1"
Base Kaidos Thunder,jdrxe2h
Hybrid Kaido,"jdrxe2h,kyi9jwb"
Sasuke’s,jdrx4dw
Lobby,jdrwwtz
Enies Lobby,"jdrwwtz,jdrujyu,k8yfdlq,kwdhjjb,lpj1o9p,lys3hfd"
ur bum ahh kidd,jdrwkoj
Nika,"jdrw5j6,jdrvlxr,jhf9kzn,jic16un,jic05rf,jqet8ep,ju3oxgv,kcsfuby,kerqj2n,kern1g5,kowy8l1,ku987t4,ku97gs7,kwdfubi,liqqh9o,ljwdj0c,ljwbzpt,ljwbw45,lnabnru,lsvrutq,lsvq5yr,m5kb8dx,m5ka5sn,m5k4x6w,m9b8lmt,m9b5q9n,malnf04,mali7hl,malh24q,malgsvt,male7gg,maldyu1"
Amenotenjikara,jdrvr19
Amaterasu GG  ,jdrvr19
Overwhelm,jdrvr19
Kaido,"jdrvlxr,jdrv5i8,jeozlcf,jhfdw6g,jhfd8r0,jhfd8co,jk5dsyy,jk58het,jmw9a46,jnt94mw,jnt7oo8,jnt5m4s,jnt4s1w,js82x1h,jt5epf1,jv2c86g,jv2b34q,jv287wd,jyzcxif,k003t13,k10s3qv,k6zirlx,k6zhnyn,k6zeyjd,kgrlzxz,kr0tc0h,kt6o4no,kxfq4j1,kxfbina,lnaft8o,lsvqxox,lv7y7lj,lv7shuw,m3bfbi5,m9b2dmf,m9b15d6,mfndmc6"
the King of,jdrvlxr
Zolo,"jdrvj29,kjzd63j"
Judge(s,jdrv6h2
Sasuke,"jdrv0j4,jlz6i1x,jlz31uq,ll10ftb,m6s7ydk"
Luffy,"jdruzeq,jflni2r,jhf9tff,jic3m88,jk5cp4b,jk573xp,jl26fme,jlz6kpe,jmw9eiz,jmw51zj,jqes86o,jraxerb,jt5kz1a,jv27rv1,jw1d7ch,jyzcxif,k10r696,k6zkdbn,kav8srm,kerrn6t,kern1g5,kfq5odi,kfq3l35,kgrms8d,khuixjy,khui03a,khuhxf3,kowxynu,kpyw6jl,kpyveyq,kr0ugoa,kr0u5fp,kr0u22n,kr0tc0h,kr0rpsl,kr0ri5l,ks3tdlh,kt6mgx3,kt6l8nn,kvbfwaf,kvb8b9i,kwdkbq7,kwdhjjb,kwdeel0,kxfi074,kyhzlx0,ll15ay5,lnaemad,lqno7sd,lsvq5yr,lv81otg,lv7shuw,lwgcx2j,lwg6x5d,lys5be1,lzwvjas,m12l4yz,m5k6vod,m6sehci,m6sdcqv,malfnx1,maldyu1,mbvmprj,mfngl2j,mgw4p6z,mgw39n3"
Garp,"jdruq7c,jflr4qg,jgidau2,jgiabun,jic1n03,jj8rbqm,jj8nzte,jlz78hg,jlz6uoj,jlz5y1g,jntabal,jnt9pe6,js82p4p,js7zisb,jt5jys8,ju3r2l7,jw18khi,jxzpuo0,jyzcxif,k003a6r,jzzv1j9,k20zyx6,k20yabc,k8ybz38,k9x6lfi,kbukwjd,kgrmdo5,kgrl6ax,kgrisfb,kgribjb,kgrhic6,kix8lls,kowta3b,ks3n3g3,ks3i8hn,kt6maac,kt6lyb9,ku915aq,kwdfubi,kyi7o7d,lirbzoh,liqoqer,lqnq06t,lsvt3x3,lxmsdzg,lxmqmsj,lxmnbe2,lxmkbau,lzwidsz,lzwiblx,lzwheya,m12mnwm,m12lag6,m26yt1l,m9bam1r,mbvmlkf,mbvli60,md3vzix,medwwzf,medv0tb,mgw5fmn"
Raizo,"jdrumbc,k40ylvz"
Doflamingo,"jdrumbc,jhf8x9a,jj8ro2b,jj8p3z7,jt5kjo7,k40ts45,kwdfubi,lxmmsnv,m3bemv9,mbvmlkf"
Ussop,"jdrumbc,jom3cit,js80fg2,k50h7qu,k9x0vtg,kerrwm5,kerrujh,kern1n0,kfqb3oo,kpypo7z,kxflyn5,loekarf,lv81otg,mgw5q3n"
Kanjuro,"jdrumbc,jhf97b1,k40ylvz,kavbj8h"
Odens,"jdrumbc,ku97bti,ku95408,lxmnqr3"
dick riding,jdrum2p
Tom,"jdrujyu,jmw6t68,jmw6nr8,jv27p4o,k10o25r,lsvr2ke,m6sdcqv"
nigga coulda ko’d kalifa,jeoxpc2
Loguetown,"jeoxp2b,lu1vo7u,m3bhq5k"
Punk Hazard,"jeoxp2b,jraxerb,jxzr96s,jyzcxif,kav8srm,ll12hav,lm5re79,m12gxn6"
Cook,"jeowyrr,k9wx240,lu1t6ge"
Doc Q's,jeowx8k
Killer,"jeowx8k,jyzcxif,k3197lm,k50ai9q,lwgbi9q,lwg8gys"
Kidd Pirates,jeowx8k
killer,jeov5ky
Whole America,"jeou452,jeou452"
fujitora,"jeote0m,jj8piyt,jmw6fe4,k10cemj"
Mid,jeoswok
John Bart,jeoswok
Skidd Mark,jeosi83
Vegapunk,"jflr7r7,jk5cej4,jmw900u,jt5l35t,kbua4eg,khulxqy,kpyut6f,kr0v7mk,kr0u22n,kt6paub,kt6l8nn,kvbjj97,kzkgnff,ll12hav,lwg7m67,md3wlqo"
Oden,"jflqrj5,jflqrj5,jhfd8r0,k215dvj,k20z7u8,k6zfen1,k6zeyjd,k7ymic7,kavbj8h,kbuj9gd,ku96d8a,ku93vym,kwdfubi,kwdd34b,lnaft8o,loekck0,lv7p93k,lxmqk0r,lxmoj45,m3bkxjj,m3beqjj,m4e3to8,m80yjgq"
Kinemon,"jflqlw9,jhf90dv,jlz2p7n,jxzq3y5,k213m3z,k40ylvz,k6zljam,k6zkgru,k6zhnyn,lm5rrih,maldyu1"
Kurozumi Orochi,jflqdx8
Vasco Shot,jflqdx8
Zoan,"jflpkf6,jxzprjw,jzzw83q,k10o9qk,kwdjcrx"
Unlike Drake,jflp8yy
Drake,"jflp8yy,jyzepsy,k50ai9q,md40eil"
Sanji’s,"jflox6o,jl26dno,ku96fay"
Blast Breath,"jflox6o,jyzeu4v"
Base Sanji,jflox6o
Doriki,jflox6o
Marco,"jflox6o,jnt7euh,jphuk2w,jrb4247,jraxln9,k5zvfri,k7ypa20,kvbfogw,kyi4uy9,kyi26up,kzkcro0,kzk8ln1,lm5p6xn,lm5lau0,loekck0,lzwpur2"
Oda,"jflox6o,jgi7pal,jnt7pnc,jrazbcu,k30zonv,kpyysdp,kwdldd4,lnag7bk,lsvtt7u,lwgdx57,m4e5ycp"
King,"jflox6o,jgil79w,jk58het,jl29n09,jl28zkk,jl27sv3,jl26o1b,jlz3v23,jxzodwe,k5zxned,k5zxgl5,kjzfrs9,kjzdk7m,ks3fk5j,kvbfogw,m6seqx1"
Queen,"jflox6o,jl29po8,kzkicns"
Egghead,"jflox6o,jhfctol,jic4f5d,jj8nzte,jzzsua0,k8yehe2,kds0zj6,kerjpr8,kowta3b,kr0u3mu,kt6owht,kvbbtlw,lqnmoqg,lqnkvdr,m3belgy,mali7hl,mgw2y19"
Marine,jflounn
Koby,"jflocul,jyzhc33,kcskjpk,kgrmdo5,kgrl6ax,kgrisfb,lirbzoh,lm5ppia,lv814da"
Buddha,"jfloc6x,m5k4x6w"
Rogers,"jflo21z,jflni2r,kxfnw97"
Midhawk,"jflo08o,kav8srm,lirb8fn,mfnam0s,mfn6ssv"
The King of Hell,jflnyfw
Gourosei,jflmrsz
https://preview.redd.it/y5l3olxi1ysa1.png?width=750&amp;format=png&amp;auto=webp&amp;v=enabled&amp;s=a5b323663d41ebb23abf5a2671d33f03bd6df6ba,jflmkuc
Baratie,"jflmibr,k8yfdlq,lm5qy2x,lm5qlnt,lzwm7xx,m5k9uw9"
intro,jflmibr
Toei,"jgild1s,jhf9e6h,jhf8nlg,jic6dio,jl298nw,k5zxrv6,k5zwctb,k5zvl1b,kcskjpk,kgrncot,kjzghbz,ks3so0d,ks3oet2,ks3kvms,ljw708q,ll14m72,ll14c7p,loej531,lsvtt7u,m3bkpgv,m3bh5st"
Specially Law,jgil7k6
Raid,"jgil79w,jgikife"
Hakai,jgil79w
Strength + Haki + Speed,jgil79w
https://preview.redd.it/4hf7zhiv5cua1.png?width=806&amp;format=pjpg&amp;auto=webp&amp;s=4a9ff7e4c3768c0711af56aa7bc3e78d346f716b  Y'all,jgikx0c
Wano,"jgikvs1,jgi7pal,jmw8ywo,jnt7pz8,jnt7pz8,jnt5llp,jrb1bxm,jrayvqn,jt5jajx,jyzixjp,jyzhlet,jyzcxif,k20xn5c,k20vgw6,k314oz2,k507htk,k8yfdlq,k9wuet0,kavbj8h,kcst0s0,kcsipzp,kerjpr8,khuixjy,kr0u22n,ku97kyq,ku96d8a,ku93vym,kwdmhb5,kwdhnqp,kwdfqe8,kxfobg5,kxfm99h,kzk83id,lnae84j,lpj96wl,lpj4ad8,lqnptim,lxmoj45,m27fz97,m5kdzts,m5ka5sn,m5k55wr,m80wzum,md3y0bj,md3xpyi,meds0pb,mfndmc6,mfn5or7,mgw0r77"
Raid Suit,jgikqyw
Pure Cap,jgikife
Nah,"jgikd1n,jgi7tug,jic3cxp,jic22o5,jic1n03,jk544qj,jl291nb,jl25zcg,jom4ani,jom46xd,jw1d7ch,jyzk3b9,k2103vc,k40suee,k40ptkq,k6zjiro,k8yf968,k9x5sa7,kbugra7,kerqros,kfqb3oo,kjzllhr,kowunc8,kowpvpr,kvbd9vj,kvb86wc,kwdcddk,kyi9ekm,kzkc0fj,kzk94ii,ljwb7d2,lm5ppd0,lm5mdsq,loemisg,lpj9al8,lqns5dj,lrrgvau,lrrayzz,lu1uzq2,lv7pgdd,lys0hox,lzwscok,lzwmcf0,m12kjv7,m4e9ong,m6sdqbc,m6s680p,m80w2sn,maldyu1,medvvw9"
Caribou,jgik9p4
Caesar,jgik9p4
https://preview.redd.it/vmt474hu4cua1.jpeg?width=1019&amp;format=pjpg&amp;auto=webp&amp;s=c87ba1161c8f89300200cf7d505cbdb4cf7fa2b9,jgik2xa
Shonen,"jgij49z,jgi0we4,ku97gs7,lwgdx57,m811i1l,mbvqxcc,mfn4xmv"
devon,jgiirp9
augur,jgiirp9
Robin,"jgiidip,jl26fme,jmw9107,jom7dn1,jom4dh9,jrb1ia5,jw18glz,jx13t2x,jx12ldy,jx122qf,k215v08,k508j7t,kbuk4ac,kbuhm9a,kdsbnje,kerrwm5,kgrjuo4,khui03a,kixcvn7,kr0yfhc,kr0ri5l,ks3j3ab,ku987t4,kvbfuf8,kyi5vil,kzke7fu,lm5rjwp,lm5ppia,lm5ld22,lm5i1o8,lm5elsn,lnahxp3,loekhx4,lpj96wl,lpj28mz,lrrcg4w,lrr8pbm,lsvtt7u,lv81otg,lwgdf1o,lwga4wu,m27753d,m3bep6h,m5k74wo,m6sdnxj,m6sdcqv,m6sccbw,m6sc8v2,m6sanna,m6s92mk,m6s8wk6,m6s7ydk,m6s6wih,m6s60zn,m6s5xz5,m6s53nn,m811vc2,m80u3mz,m9b9jef,malofqf,mbvnco4,mbvmbn9,mfndnpd,mgw4r77"
van augur,jgigsxe
Bellamy,"jgifd0w,m3bemv9"
Jika DF,jgicvuu
Corazon,"jgi7tug,jhf97b1,jx14njh"
Kyros,"jgi7tug,jom6t7w,kxfjwfb,lv81r89,m4e5ycp"
Shirahoshi,"jgi7pal,k508g4w,k7ykalu"
Camie,"jgi7pal,js7yzje"
Shyarly,jgi7pal
Jimbei the Gatekeeper The GOAT,jgi6jz4
😹,"jgi5r0o,kava10z"
1719101,jgi28c2
Dragon,"jgi0423,jyzcxif,md49s8c,medusis"
Chopper,"jghzn2w,jom5pn0,ju3ny00,jzzw83q,k50dc4m,kjzcdr4,ks3rmnv,lm5rjwp,loekhx4"
Cracker,jhfdxa6
kanjuro,"jhfdo4j,jhf90dv,k7yo3ep"
kawamatsu,jhfdo4j
Gorosei,"jhfdksd,jmw4nf5,jmw4nf5,k31ceaw,k31099u,k6zg5nl,ku96j5u,kvbgphx,lm5p6xn,lm5n1bz,lm5hsxi,lm5exi6,loekhx4,lqngimf,lxml6rh,m9b15d6,malekj4,medsmog"
Buggy,"jhfd72u,jic70cq,jic6zew,jic6zew,jic3yk4,jic3hdn,jic13yn,jk55uhi,k00568f,k602n1z,k6zfz36,k9wwv5w,kav8srm,kbuke80,kcso35h,kfq5odi,kfq3l35,kt6kosz,ku91c79,kxfgcz7,kyi71sc,lira07q,lir0yi4,ll15ay5,ll116lw,ll0yuf8,loekurq,lv7tr6j,lv7oxnj,lv7o1at,lwg7qyu,lzwm219,mfngw77,mgw30b2"
supernovas,"jhfd3oz,kwdekmp"
Oprah,jhfcxi9
Yami Yami,jhfcttm
Barto,"jhfctol,jhfalho,lnaan58,mgw8ei8"
Gaara,jhfcblq
Elbaf,"jhfalho,jrb1bxm,jx0za5g,k30zonv,kjzljq7,lsvseq0,m6sdcqv,md45n49,md40p00"
Dark King - he,jhfadxj
Luffy Shitstomps,jhf9zgj
Kuja,jhf9sfo
Jack,"jhf9kzv,jhf90dv,k212oyx,k211gts,k20xrxd,ku9a243,kzkjekv,kzkicns,m4e8lqw"
Jimbe,"jhf9kzv,k40qm6t,lpj3yap"
Jinbe,"jhf98n6,jic3m88,ju3ny00,kerrwm5,kr0ri5l,m12fc2m,m9b6ono,mfnfrx8,mgw4oli"
Ashuras,jhf90dv
Kawamatsu,"jhf90dv,k40ylvz,lm5lhg8"
pacifista,"jhf8z6s,jyzcxif,kcsr8rx,kwdguis,lwg8a5i"
Moria,"jic89cf,jk5bhbc,jzzz4tw,jzzw8v0,k9wwv5w,kav8srm,lm5qsqg,lys7956,mfndmc6"
Leaves,jic714m
Buggy Piece,jic70cq
Agenda Piece,jic70cq
kuro,jic66ey
Bleach,"jic5zlf,ju3noj2,jzzsjpa,liqyc9c,ll11cnk,lnahfly,lqnrv07,m27iow5,m5kdsm8,mfngvfp,mfn4z7w"
Mario Rios,jic5yef
Luggy,jic5rkq
Wista,jic5qec
Black Beard's,jic3yk4
Madara,"jic3svt,jw15v3x,ll10ftb,m9b0tp9"
Agendas,jic3svt
Adult Sasuke,jic3svt
Yeap,jic3hvn
Don Krieg,"jic1bqy,jx151ri,liqqh9o"
Ginjo,jic0bop
Tsukishima,jic0bop
Aizen,jic0bop
the Rat King,jibzzx8
https://preview.redd.it/xta37l3i0iya1.jpeg?width=500&amp;format=pjpg&amp;auto=webp&amp;s=1b1de29a8784da250917fd2e24020ab3d3b76030,jj8rcif
Calm,jj8rcif
Rockstar,jj8ranz
Zeno,jj8r6k7
Jean Bart,jj8r35j
SADS,jj8r134
Vivi Yonko,jj8qwcd
https://preview.redd.it/yh2lj5c70iya1.png?width=648&amp;format=png&amp;auto=webp&amp;s=d950d54d1a34d544dd354797ba4eb608f2f9697d  (,jj8qwbz
marine agenda,jj8qsz0
Untill Wizaru,jj8qsz0
Kuma,"jj8qo34,k10s4ag,k40yh93,k9wwv5w,kbubi3o,kerpmc1,kern1g5,kerk01v,kerjzc7,khuo3w9,khuhxf3,kix8q7c,kowzaj0,lm5ppia,loeop1u,lxmsdzg,lxmjsl5,m27753d,m6s6qbp,md49s8c"
Plus Sakazuki,jj8qljs
Walmart Ace,jj8pnrz
Massacre Soldier,jj8pjeo
Watch Doflamingo,jj8p7se
mfs,"jj8oujh,jj8oujh"
Bill,jj8ogaj
Gag,jj8of6u
GB,"jj8nzte,jxzsnf7,jxzr3wa,k6047w1,k5zxz2f,k5zwctb"
Tashigi,"jk5drq8,lrr90aq,m12gxn6"
Brook,"jk5btld,jk53s3d"
Kick,jk5bkne
zeus,"jk5bhbc,lu1sxzu"
Whitebeard,"jk5bgrz,jphwv4z,jt5luv4,k9x2j9u,m4e4p18"
Kid,jk5ay7o
Gullah,jk5ay6l
Bink,jk5ay6l
Spam,"jk5arue,jk571vd"
Scammer,"jk5arue,jk571vd"
https://preview.redd.it/4z5vz61zuvza1.jpeg?width=3024&amp;format=pjpg&amp;auto=webp&amp;s=ff7533669f39f9f1b0cfb0a9cbc21f0235a98cb8,jk5adsa
Maegaellan,jk5a69k
Yeh,"jk59wxn,m5kdplo"
Jika,"jk59frg,jk54la9,jqex9rl,jx140m9,kgrlmum,kowzjzh,kwdjjyd,kxfgrdc,lqniyh0"
Frikkin,jk596jc
https://preview.redd.it/8aqwhht5qvza1.png?width=1048&amp;format=png&amp;auto=webp&amp;s=d244d6db8768b266a4f241618ab5fee5ef65a2ed,jk56rvd
Jika the,jk56aly
Kidd - Shipwright,jk55uhi
LOCKED,"jk5473r,jk5473r"
Ponegliff,jk53s3d
speedwagon,jl29r4z
dick,jl29bss
Ted Kaczyński,jl291l7
Wano Luffy,jl28zkk
Dude,"jl28zkk,lnaeqnk,lys2lfj,m80vkff"
Twerkbull LOL,jl286dz
Manga,jl27r2l
gif](giphy|6Tue7MJTHNBYHyMpLa,jl26xbx
Lanji,"jl26sqb,jw19eps,kerq0zt,ku91x5y,kxfpxs5,mfncqlo"
Kokoro,jl26oe5
Top Tier,jl26oe5
Ryuma,"jl26mps,jyzcxif,jzzqpi4,kav8srm,ku96d8a,md3y0bj"
Btw Shanks,jl26mps
Usopp,"jl26mgl,jmw8ws1,jmw585r,jom73bo,jrb1bxm,jraxerb,jt5jajx,jt5fqu7,jx151ri,jx10bd3,k215v08,k507s8u,k7yqih5,k7yqe9x,k7ynosa,k7ynhir,k8ygvn3,k9x6kze,k9x46bp,k9x2b03,k9x03z7,k9wwbeo,kerq3qw,keroj11,kerjpr8,kgron9g,kjzjbpk,kpyv7kx,kpyspx1,kpyptdi,kr0tyty,kr0stnk,ks3kavl,kt6m5ep,kt6lupw,kwdhq4b,kxflqgy,kxfi074,lqnnca6,lqnlfhn,lqndqxp,lsvtt7u,lsvtpy9,lu1tvku,lwg8kmx,m5k8jo6,m6sdcqv,medxwd1"
Kaya,"jl26mgl,kfqef3y"
Adv CoC,jl268t3
Hakiman,"jlz89bq,jlz78hg,jlz5y1g,m3bg6kr,m4e5fkw"
ngl oda,jlz86je
🤔,"jlz7hx0,jom4h3g,kix7vco,ku92y68,kxfpa2j,m26ybld"
https://preview.redd.it/btfzcnoevn2b1.jpeg?width=1242&amp;format=pjpg&amp;auto=webp&amp;s=121d8e87dcc93e2372ce52e92f4ea2c12876861c,jlz7eb6
Konaha,jlz78fh
Ennis Lobby,jlz73rw
https://preview.redd.it/lxkylgywun2b1.png?width=1080&amp;format=pjpg&amp;auto=webp&amp;s=e7449299535901dd40562aa6fa3ba558883893d1,jlz70pw
Capone Bege,jlz6tx0
usopp ☠️,jlz6oh6
bla bla bla,jlz5jdu
winbei&gt;pedoji,jlz5ftq
don,jlz5ftq
https://preview.redd.it/vhmdt9vssn2b1.jpeg?width=812&amp;format=pjpg&amp;auto=webp&amp;s=5aaa28cdbda7c7bd9fd9fe320a60d84866a20c1c,jlz5czs
Goda,"jlz4fs8,k10tuvc,ll15ay5,lm5enf9,lqnmoqg,lxml4xx,m3bka3l"
kinda,"jlz3hld,kerkarr,m4e5ycp"
Zoros,"jlz3bsz,k9x03z7,kfqbpw3"
KO Luffy,jlz3bsz
Onigishima,jlz32yk
Naruto,"jlz31uq,liqyc9c,m4e71zq,maleefo"
Lmaooo,jlz2a6o
Don Chinchou,jmw9y7w
Onigashima,"jmw8ywo,js81qtz,k508jz5,k9wwbeo,kyi3p28"
Kenny Powers,jmw8wwt
Tyson,jmw8ws1
Yu,jmw8h51
Resin,jmw7fkz
Jerry,"jmw6t68,jv27p4o,k10o25r,lsvr2ke"
Spike,jmw6t68
jerry,jmw6nr8
Wike Wyson,jmw63wc
kneel,"jmw5xhf,jmw5r8x"
Laido,jmw5jrf
Kurama,"jmw52jj,jv2a9s2"
Demon Slayer,"jntal71,kwdgptv,kwdfqe8,kwdeim9"
Lyborg Ge-no-Ws,jnt8a68
Pizarro,"jnt7m05,k6zljam,lqnmshg,lqndx2f"
Chadzuki D. Chaden,jnt7jni
Jozu,jnt7bdr
Shingai Tensei - 🤓,jnt79w7
Kaido don´t,jnt6p9f
Zorotard,jnt67hw
don’t-,jnt5mda
Joyboy,"jnt5m4s,jv27bjk,kav6bll,kxfq4j1,kxfcxm8,kzkc0fj,loejlyj,lsvxeec,lsvwjki,m5ka5sn"
Funny,jnt4x5y
Idk,"jom7swe,jom46xd,k8yloeg,k9wswds,kav9j9n,kav6jf0,kerqj2n,kfq3nte,kgrn5zj,khuhxf3,kix4mrm,kvbgphx,kxfo5v1,kxfezhw,ljwdegd,lm5km97,lqnqwg9,lsvvb6b,lsvu1es,lys2ewc,lzwrhnq,m6s998l,mbvuhh6,md41qar"
wolf,jom7nal
Merry,"jom7h8i,kerqxja,loemlok,lys2m6v,m3bemv9,mbvq425"
Brasil,jom7a9w
da legenda,jom7a9w
https://preview.redd.it/deu2nuvrqt6b1.png?width=834&amp;format=png&amp;auto=webp&amp;s=9c59c4cfbbacbe6aecadd06aed5389b46f80ce2a,jom73le
NOSE,jom73bo
Doc,"jom5rjj,kpys2t3"
Shonen Teach,jom5rjj
Papazuki,"jom4ftz,k6zkkk7"
https://preview.redd.it/1qwscl9ent6b1.png?width=800&amp;format=png&amp;auto=webp&amp;s=94e744760f8579e8b500acc8990da0bdb7aa812d,jom4ftz
https://preview.redd.it/jz0jynszlt6b1.jpeg?width=828&amp;format=pjpg&amp;auto=webp&amp;s=4b0a31d34d77f752184b7b26faca91190147adbb,jom3coa
Greenbull,"jphxodx,jrb6ix1,k40x4wn,k5zz763,k5zxrv6,kix9avq,kix8aju,kjzcjpw,ll12gma,medyg71"
Helmeppos feet,jphwiuc
Oda Big Mom,jphvxru
Koala,"jphvgoh,jphvbvi"
Red Haired,jphuv0i
Filler,jphuhsa
Prowler,jphu3vd
Lol,"jphtthm,khuhxf3"
Beckman,"jqexdcw,jqeu03w,k7yqvc6,k7yll7d,kvbfogw,lzwuiaq,lzwtocj,lzwrbc5"
Senor Pink,jqex6a3
Zoroturd,jqex1qa
cope,jqex1qa
nigga,jqewws4
evem birmingham,jqewujx
https://preview.redd.it/wmxgnlp0ml9b1.jpeg?width=256&amp;format=pjpg&amp;auto=webp&amp;s=1f25a45c9204c66f57269822f08c1420c5987b7e,jqevbs9
Bika Mika,jqev5ng
Eutass Kid,jqeu9eh
Ben Beckman,"jqeu9eh,ju3ny00"
Fanbase,jqetnn5
Crocs,"jqes86o,kpyw6jl"
Wiwhaww,jrb5nep
G4 Luffy,jrb46k2
https://preview.redd.it/x7vu1hkpizab1.jpeg?width=720&amp;format=pjpg&amp;auto=webp&amp;s=3f20fdde5260d6b837ba17d10f74c03943549b9f,jrb35wr
https://preview.redd.it/93mvdpsxgzab1.jpeg?width=261&amp;format=pjpg&amp;auto=webp&amp;s=6c0ff4926291e2545dea10d7fb3d0cddde3cf93e,jrb1qw5
https://preview.redd.it/wxkffdhqgzab1.png?width=828&amp;format=png&amp;auto=webp&amp;s=f8f6e8780a5a95c2177ac352a6f987a9f239bfff,jrb1m0u
Franky,"jrb0ejm,k9x0vtg,kerrwm5,kfq63a4,kfq06av,kr0ri5l,kt6l33m,kxflyn5,loejw71,lsvtt7u,lys6fqs,m80w0zq,m80ueyx,medtvmu,mfnfrx8,mfndnpd"
neg,"jrayuo7,ks3rlmh,m12hsjp"
Fought Kaido,jraxln9
https://preview.redd.it/6erkbv4sazab1.jpeg?width=500&amp;format=pjpg&amp;auto=webp&amp;s=172cfba9b3058031d08fcebacc7d8b0ad03878de,jrawsju
https://preview.redd.it/33eunyp6azab1.jpeg?width=720&amp;format=pjpg&amp;auto=webp&amp;s=5989613a3d36aec958dbc8358c92b97e59f71048,jrawbf1
Bogard,"js8431p,js81iwm,lv7wun5,medxykk"
Gandhi,"js83un7,kvbabe5,kvb8nxz"
kaido,"js83bxp,lm5mm4l"
Fuck Bogard,js834hd
Pizzaro,js834hd
Luffy CoC,js827uq
https://preview.redd.it/1gfrxi2ihdcb1.jpeg?width=560&amp;format=pjpg&amp;auto=webp&amp;s=4e25559307548a9776dff77acacab7b6fd7e7efa,js8135x
Zeph,js80sn3
Grandpa,"js80ch6,kvbf9s2,lzwuhnr"
Dragon Ball Z,js7z73u
Never Cook,js7z4xk
WOGARD,js7z47g
Saturn,"jt5lhld,k6zcbtc,kerse1v"
Kizaru,"jt5lhld,ku96j5u,lzwl0oh,md3wlqo,meds1tr,mfngl2j"
Luccis,jt5l35t
Tldr,jt5kz1a
Lmao Admins,jt5kyva
buff,"jt5ks8a,jt5hefk,kyicqx2,lpj1zg9,lu1uk3s"
Zehaahhahaha,jt5jxla
Jenny,jt5jn1c
Jump yo-yo,jt5iqmv
Bounty Rush,jt5ipdg
https://preview.redd.it/4doibpk7frdb1.jpeg?width=1170&amp;format=pjpg&amp;auto=webp&amp;s=5942c4b945c05b05be0fea46868f2fac4ebc77d3,jt5ig34
Dad,"jt5hkzd,k10mweq"
Dawg chubby,jt5hkzd
Grim Matchstick,jt5fza3
Armament Haki,"ju3vdax,ju3un3s"
Imma,ju3uu64
wallahi,ju3u8n3
Revisit marineford,ju3sken
Omatsuri,"ju3sjfv,m3bftv7"
Daz,ju3rsej
Muggy Balls,ju3rsej
Cabaji,ju3rsej
3,ju3rsej
Groggy Ring,"ju3rsej,ju3ny00"
Blud,"ju3ovz7,ju3ovz7"
db,"ju3ojfl,ljw930p"
fmab,ju3ojfl
Donut,ju3ny00
Mamoru Hosadas',ju3noj2
😉,jv2bfw0
Blueno,jv2bdtv
https://preview.redd.it/w3g4zh5efjgb1.jpeg?width=1242&amp;format=pjpg&amp;auto=webp&amp;s=8cad6d55f51099e6e48358210e3e6c439772f3e3,jv2b991
Hiyori,"jv2b34q,jv293pm,kpyw9ho"
Sanji vs Queen,jv275yc
jfc,jv273p3
Shiki,"jw1ep78,k8ybz38,mbvlffw"
string string,"jw1e2mf,jw18khi"
Foreal York,jw1c9f8
Gb,jw1c66x
https://preview.redd.it/z8z6uxdfbxhb1.jpeg?width=153&amp;format=pjpg&amp;auto=webp&amp;s=ef247dc2b76acda2893dc9172f130f1f613d3098,jw1c60w
https://preview.redd.it/0azx0fu5bxhb1.jpeg?width=1151&amp;format=pjpg&amp;auto=webp&amp;s=a10b394f1f5ca9a25ee92b65aeb4aacdfd289554,jw1bwit
Otsutsuki,jw19fp9
https://preview.redd.it/84cqkuku7xhb1.png?width=432&amp;format=png&amp;auto=webp&amp;s=927d3fa10abb64a1fc7ba20ee9e40ebb6e36a7fe,jw193b5
OdaGPT,jw193b5
Gintoki,"jw18qfb,jw16nep"
Onizuka Eikichi,jw188ns
heaven!&lt,jw17ztg
Obito,"jw17nxr,ll10ftb,m6s85g2"
https://preview.redd.it/zz75ndcb5xhb1.jpeg?width=1284&amp;format=pjpg&amp;auto=webp&amp;s=1c3aeb4c5e433d8131fb25a4e87b37c610c4c2f8,jw16u18
Funny Valentine,"jw15zg1,jw15v3x"
Meruem,"jw15zg1,lu1xequ,lu1p9hi,lu1oe5b"
Hisoka,jw15v3x
Yhwach,"jw15v3x,m5k55as"
Kira,"jw15v3x,k40zltb"
Haswaltsch,jw15v3x
Coyote Starkk,jw15v3x
Jojo,jw15v3x
Chrollo Lucifer,jw15v3x
Pedro,"jx176ta,kvbbwxl,m4e5ycp"
Lesbian,jx17199
half Man,jx17199
Ivankov,"jx16txt,lirbfwb,m12gre0,m27i3eu"
https://preview.redd.it/m6k9gp7xbbjb1.jpeg?width=1076&amp;format=pjpg&amp;auto=webp&amp;s=bd359e94e4ea1b4d51eb24cb4dd4d19d6bc1b8d9,jx16gxj
https://preview.redd.it/9waehxstbbjb1.png?width=266&amp;format=pjpg&amp;auto=webp&amp;s=db2ea071ca76ea8504b9adc8f02bc9cba756d328,jx16e40
Bon,jx1657b
Limu  Wusopp,jx140m9
Limu,jx140m9
Whanks,jx140m9
WHAAAT,jx1403a
Oharan,jx12ldy
Kuzan,"jx122qf,lxmk3cw"
Ken,jx10bqd
Soooo,jx10b2p
Moley,jx102mr
bon chan,jx102mr
Wci,jx0zrkz
https://preview.redd.it/joosvh9z2bjb1.jpeg?width=1506&amp;format=pjpg&amp;auto=webp&amp;s=a0e182cebe989e78248831c9ec9323aaad396030,jx0yz6o
saul,jx0xziv
Kevin,jxzsnf7
kuzan,jxzsgfb
Luca,jxzsdyl
Kika,"jxzs0ry,jyzhue1"
Entire,jxzrzgq
kaido kaido,jxzrlgp
Jump,jxzr96s
marcos,jxzr3vp
Gucci,"jxzqj1m,kr0xlh1,kvba808"
Odatards,jxzq1bt
Rip ZKK,jxzpfzf
Zkk,jxzpaew
Lol Zorotards,jxzp8ke
Joy Boy,"jxzp2tw,jxzp26g,kxfm99h,loeohif"
eStAbLiShEd,jxzoej9
kanye,jyzjtdy
Jango,jyzjf2a
Michael Jackson,jyzjf2a
mary sue,jyzj796
Donquixote Homing,jyzhz0r
Sai,jyzhz0r
Bro Yamato,jyzhv7l
Unbearable,jyzhlet
Glad,"jyzhc33,m3bfsy4"
Fairy Vearth,jyzgz87
Lunarians,jyzgz87
Kit Harington,jyzgllg
Arya,jyzgllg
John Snow,jyzgllg
Sansa,jyzgllg
Managas,jyzgllg
Keep Coping,jyzfht3
wo Sagashite,jyze40t
Juzo,jyzcxif
god,"jyzcxif,kcshbn0"
Mihawk vs Vista,jyzcxif
Yonkos,"jyzcxif,kavakk0"
W.,k005sxu
Rayleigh,"k004i25,mbvoylw"
Joyboy(as King,k003t13
Stan,k002vgx
Youtube,k00299y
Romance Dawn,k001lbq
Danzo,"k0019kf,m272ppg"
Loda,"k000e83,kbufms0,lm5ppd0,lpj1fq0,lxmt7l7,lxmpl4a,m80us9v"
Zesty Kaido,jzzzlkt
https://preview.redd.it/htbsagkewgnb1.jpeg?width=1080&amp;format=pjpg&amp;auto=webp&amp;s=6ff8f5ad91d3f0a01a2b90c3c1cfb98bdd581e48  kys,jzzuinf
🇷,"jzztmbj,lv7y3y6"
dick slaps yonkos,jzzt047
Laino,jzzsua0
Lizaru,jzzsua0
Agenda,k10thh4
Blackbeard,"k10suuf,m4e3to8,malf7di"
https://preview.redd.it/d234r2rh4vob1.jpeg?width=1080&amp;format=pjpg&amp;auto=webp&amp;s=4e437a1194527ee374d2d2be3f79b99cda84856b  Keep,k10rm4s
https://preview.redd.it/ont2pzmv2vob1.jpeg?width=960&amp;format=pjpg&amp;auto=webp&amp;s=8766fceb424f5a122eedc87a8a17cb4e0c79bd50,k10q186
vs katakuri,k10psg5
Whoah,k10pjy7
Mary Geoise,"k10pilc,k9x673e,k9x5t0l"
Wranky,"k10ow33,kerr51n,ljwc9c1,lm5g973,mfn5sxs"
Kai,"k10o69o,kdsdhla"
Skypiea,"k10ngd0,kgrh4jm,lm5kwn2,lys6msa,m3bhy1z,m5ka113,mbvleyb"
kinemon,k10n3mb
Grandline,k10mewi
Conq,k10mewi
Adam Sandler,k10l9fi
Jin Mori,k10l9fi
Meh,k2151c6
Carrot,"k20zmc1,k50eb0a,k50agfe"
Arc 3,k20z7u8
Shaggy,k20wqph
Dresseosa,"k20vdxl,lsvsgkp"
Asura,k31bxet
https://preview.redd.it/6fzex63txmrb1.jpeg?width=828&amp;format=pjpg&amp;auto=webp&amp;s=77ab3141a301907c94544967010d5e20abf0daff,k3171mv
Vagabond,"k316paa,k3112e9"
Baki,k316i0u
Yamato,"k3119a3,k7ykalu"
Buddha  https://preview.redd.it/wnkdwcuupmrb1.png?width=1228&amp;format=pjpg&amp;auto=webp&amp;s=c22f2e3643523225779e3b91288ce22a5e99cc8c,k30zb4m
Hehe Jarate  https://preview.redd.it/zno9ulxfpmrb1.png?width=720&amp;format=pjpg&amp;auto=webp&amp;s=f8471ca4d52e8fbae3ccfa4c2b3869b130abe12e,k30ywd1
Yoshikage Kira,k40zhg7
Dante,k40zhg7
Leon,k40zhg7
Kyoshiro,k40ylvz
Ma,k40wkf9
Saiyan Saga,k40wdst
Viz,"k40wdst,k50bz1y,kjzdnx7"
Wankers,k40vhbw
Sukuna,"k40uvte,ljw9b6b,lzwr75n"
Hody Jones,"k40tbe0,m12gxah"
Shaka,"k40r51p,khulxqy,ljwcv1c"
Garcia,k50fzi1
Marx,k50fc00
Che Guevara,k50fc00
Carrotin,k50eb0a
max,"k50d8v3,kav2aec"
Hawkins,"k50ai9q,md40wzu"
Chekhov,k50ai9q
Wujitora,k50916w
Orochi,"k508jz5,kav68jp,lxmoj45,m12ivmt"
New Marineford,k508g4w
Fishman Island,k508g4w
Revs,"k508g4w,kbudsg3,mbvqfr0"
Mariejois,k508g4w
Noah,"k508g4w,male7gg"
https://youtu.be/3xWZB1SoWE8?si=m3gvf0Re5Ul8p6kr,k508frf
usopp,"k5082zw,k7yph5a,kzk94ii,mfndnpd"
https://jisho.org/search/doumo](https://jisho.org/search/doumo,k507tl6
Admiralbros,k604ax0
Mjosgard Jr,k6035cm
Shithawk,k601ihm
Lonkotards,k601c6y
Goathawk,"k6018r3,lqnen3c"
Mihawk + Vista,k600yjy
Vista,"k600ifp,kavakk0"
[gif](giphy|BX3vciUUQcAbJHsE3x,k5zylnv
https://preview.redd.it/btk8c5fassvb1.jpeg?width=750&amp;format=pjpg&amp;auto=webp&amp;s=bc0afcd70a700dfa14dfe4ebed9e1ae844e6160a,k5zyhln
🇸🇴🇸🇴🇸🇴🇸🇴🇸🇴,k5zvcag
MF,"k5zt8zh,kerkln0"
Frau D. Loger,k6zlnj2
Holy Knights,k6zkyaq
Mytho Deities,k6zjkf2
Goldenweek,"k6zjagf,md45n49"
Ryuo,k6zj0f2
Wtf,"k6zhx14,lirb5bl,ll10ftb,m12fqsf"
john I,k6zgpsi
Us Shanks,k6zff8o
gif](giphy|PDc8rPhx1WLi8,k6zff8o
Waribou,k6ze333
Imu,"k6zc5nf,loejlyj"
kanjuros betrayal,k6zbfp4
Cope,"k6z9amz,kavakk0,kav8srm,kcshe71,kgrmdo5"
Nigga,"k6z9amz,ku90vae"
https://preview.redd.it/gqczh2dgj6xb1.jpeg?width=736&amp;format=pjpg&amp;auto=webp&amp;s=8bf74ef225a5d8810d197d219d97faface072701,k6z9amz
Rumour Man  When,k7yqvrg
Joi Boi Man,k7yqvrg
Joi Boi,k7yqvrg
Joi Boi Man  Joi Boi Man  Joi Boi Man,k7yqvrg
Tama,"k7yph5a,k7ynnqw,m4e690p"
https://preview.redd.it/jwhyim1wrkyb1.png?width=558&amp;format=png&amp;auto=webp&amp;s=9bd6fe987650ec442a0ae54a35949dbb10590913,k7ynubs
Toko,"k7ynosa,kxfjwfb"
Dragon Ball,"k7yll7d,ljw6ujj,m27iow5"
Benn Beckman,k7yll7d
https://preview.redd.it/335wk1h8pkyb1.jpeg?width=1080&amp;format=pjpg&amp;auto=webp&amp;s=e93c6ae6f5d13274bd235d75acb918ce5102ffa9,k7ylawf
Looks,k7yl7e7
Thriller Bark,"k7yl7b2,kxfnbpg"
Jjk,"k7yl0n1,m27j8p6"
Kong,k8ymvx4
Laffiete,k8ylkmh
Warlord,"k8ylkmh,mfncgvt"
Toji,k8ykzl4
https://preview.redd.it/9yxne0pqoyzb1.png?width=720&amp;format=pjpg&amp;auto=webp&amp;s=c8335df6ea87c85cb34d0d6e46cd1e201d398079,k8yk5sj
BeserkleJerk,k8yjbfs
Ginny,"k8yg6pg,k8ydhvz,kfq9z58,lxmp86c,lxmjsl5,malf887"
Ace´s,k8yfdlq
Card,k8yf762
100s,k8ybwxp
toji,k8ya016
Rocks,k9x6lfi
Devon,k9x6kze
Blackbeard Pirates,k9x3vyc
jesus,"k9x3jh8,lwg8gys"
Auger,k9x2b03
Augur,"k9x2b03,k9x03z7,kr0yysj,mfn9qdj"
https://preview.redd.it/dk9urtorkc1c1.jpeg?width=1242&amp;format=pjpg&amp;auto=webp&amp;s=8ed0f9543093b0cfbda60b2b28160399ecb91342,k9x0urd
Fishman,"k9wyzzc,kgrjshp,lm5re79"
Seraphim,"k9wwv5w,ks3jh0r,maldmk9"
squirrel,k9wwbeo
Izo,k9wwbeo
Problem,k9wvhtz
unkill Izo,k9wsvve
Moon,"kavbnjh,kwdjjyd,ll15ebl,male7gg"
Quagmire,"kavblga,lqnkvpx"
dick 24/7,kavbj8h
Kurozumi,kavas8c
Literally,"kavakk0,kav96ww,kbuejst"
Alabasta,"kav9d5g,ljw8h0q"
Crocodiles,kav8srm
Lulul,kav8srm
Kreig,kav8srm
nah,"kav7pe9,md3w8mm,mgw8x3d,mgw7r29"
joyboy,kav6jf0
joyboy Nika,kav6bll
Kozuki,kav68jp
https://preview.redd.it/dlgnm535kq2c1.png?width=720&amp;format=pjpg&amp;auto=webp&amp;s=22428a6070d459efd1e5ff67faf567f15191af5e  Damn,kav628i
Hunter,"kav5gr4,lpj9e7y"
https://preview.redd.it/lxvjanvciq2c1.png?width=1080&amp;format=pjpg&amp;auto=webp&amp;s=7072ecbd7222311cd426b6ac44b180aa3be57a96  ,kav4e04
jujutsu kaisen,kav3q8o
Koruzomi,kav35ur
https://preview.redd.it/mvvb5mupgq2c1.jpeg?width=300&amp;format=pjpg&amp;auto=webp&amp;s=31526d8db1d84d033dbc1c71f785922748c4e962,kav2vay
https://preview.redd.it/vshz4jk5gq2c1.jpeg?width=494&amp;format=pjpg&amp;auto=webp&amp;s=fbc05819d38c1f139dbb1c110e4e81b0878943be  Your,kav2hzo
Gofuckyours,kav1mhm
Broski,kbul9ho
Winemon,"kbul643,kbud28p"
Bonney,"kbukap0,kbubi3o,khup2ar,khumjvv,khuhxf3,lm5ppia,lrr97d7,lu1yrl7,lxmjsl5,malh24q,md40wzu"
Joy b.,kbugvad
Ui Ui’s,kbufbwb
Buggy’s,"kbudb72,ku96j5u,lv7tc5a"
Luffys OG,kbucszb
Female,kbubi3o
https://preview.redd.it/g97k92wpb44c1.jpeg?width=1284&amp;format=pjpg&amp;auto=webp&amp;s=131b2b84fad983cab5b038743d7f7fdbf8be42e0,kbu8pn8
Bird Cage,"kcst0s0,liqmy92"
Crocofraud,kcsr8rx
Bb,kcsqqgz
https://preview.redd.it/r9vdznm4fi5c1.jpeg?width=1170&amp;format=pjpg&amp;auto=webp&amp;s=32c64250ea41a629480176dd07bc31171bac28a9,kcslqpf
joyboy tbh,kcskktm
Honesty Impact,kcskg6t
Mihawk,"kcsii7b,ks3oa8c,ks3mk8l,lpj41p4"
Onepiece,"kcshqjy,m4e5hnh"
Worlds,kcshngf
Ratatouille,kcshkg1
Sword Skill'',kcshbn0
Killer Bee,kcshbn0
Yoru,kcsgomq
Preacher,kcsgfz3
Rider Medusa,kcsfn0e
Gordon Ramsay,kds8xtk
Skypeia,"kdrr79p,kxfjwfb"
Nah Katakuri,kdrqqkl
Nami Episode,kdroh46
😹😹,keru60w
Rubber,kerteag
Flame,kerstof
Vergo,kerse1v
Magikarp,kers05p
Jimbei,kerretp
Nerfertari Lili,kerraac
dick twister  ,kerqros
Bika,kerqma1
Mythic Zoan,kerqma1
Goresei,kerqj2n
Merry Christmas,kerq3qw
Kenshin,"kerq3mp,m4e5sfx"
Kentaro Miura,kerq3mp
Toriko,kerpmf2
Cuckaneer Kuma,keroxxm
Ben Franklin,kernn1x
Wallahi,kfqf7p2
Bum,"kfqf4ub,kgrgcg2,kix53as,kix45yy,lqnicf7,medts6r"
Yuji,"kfqeql7,ljw8h0q,loeoa1r,lqngm97"
Morgan,"kfqef3y,mbvmprj"
Kuro,"kfqef3y,kfq8g3x,m3bemv9,mfn9qdj,mfn7x05"
Impel Down,"kfqcc3i,kfq49wo,kwdhjjb,ll15ay5,lxmmsnv,m27i3eu,m27cgr2,m275z00,mbvmlkf,mgw1iq7"
Manwha,kfqc6qo
Cisgender,kfqb666
https://preview.redd.it/992kuexrbo9c1.jpeg?width=720&amp;format=pjpg&amp;auto=webp&amp;s=32ceb8708430ec80679aca4732da969564a194c4,kfq8zfw
GOATjitora  Chadkoji   HIM  Wizaru   Warp  Wengoku   Lbull,kfpzr9m
https://preview.redd.it/7gj8v1dbg2bc1.jpeg?width=458&amp;format=pjpg&amp;auto=webp&amp;s=ccc62246fb26fcf41a5210ad20d5e230aece7e42,kgrortw
femboy,kgro1vm
https://preview.redd.it/on9mswilf2bc1.png?width=340&amp;format=pjpg&amp;auto=webp&amp;s=a98fd153dbce53ed9e8c662f3c14855c1c879062,kgro0qe
Literally Oda's,kgrl6ax
Skill,kgrl6ax
hiroshi kitadani,kgrjqh4
Honesty,kgrjj4z
https://preview.redd.it/er3snf0ga2bc1.jpeg?width=1179&amp;format=pjpg&amp;auto=webp&amp;s=a002f15f13ac0dd794d808c6eeaac9c3dcd64a7f,kgriknh
Massive W,"kgrijtu,kxfgcz7"
Law  ,kgribjb
https://preview.redd.it/spqrdv9392bc1.jpeg?width=1066&amp;format=pjpg&amp;auto=webp&amp;s=5428f2175c60fc4469b0834137bdcb00da0cdbdf  Wholesome Teach,kgrh4jm
OP YouTubers,kgrgunj
https://preview.redd.it/ztbdnyuz72bc1.png?width=633&amp;format=png&amp;auto=webp&amp;s=fb34e3142006e70e85732c52adad44c101c5f9b4,kgrfzfo
Goodnight Buggy Goodnight Mohji,kgrfn1r
Goodnight Buggy Goodnight Alvida Goodnight Crocodile,kgrfn1r
Lilith,"khuolr8,ks3kvms,ks3hmu4,loelxib,lu1s3ut,lwgd1zz,m12lr2q,md48nwu"
Vega,"khuob0q,lm5ppia,md48nwu,md4159b"
Dəlirirəm,khuo4c7
nicki daşıyan biri,khuo4c7
Einstein,khulxqy
Bevet,khukbxr
Frank Miller,khujzh2
Vicki Vale,khujzh2
Sabody,khuhxf3
Caribou fed Luffy,khuhxf3
Kaidos,khuhxf3
Gyro,khughm8
Ryima,kixc3p3
EoS Zolo vs,kix9j1f
kumas blast,kix9bxy
https://preview.redd.it/hcy1j11r9udc1.png?width=320&amp;format=png&amp;auto=webp&amp;s=9d2077796b39053fe14b377fc75e322f514c83e7,kix99vd
https://preview.redd.it/43chaykg9udc1.jpeg?width=770&amp;format=pjpg&amp;auto=webp&amp;s=70b19d7dc8ed6eb962f15b5c31edb0fcd0a58fe7,kix8z6t
https://preview.redd.it/fu5zs9918udc1.jpeg?width=245&amp;format=pjpg&amp;auto=webp&amp;s=4eca59bf286b4542443d019fb9c783417b8b06c4,kix7lgs
robin,"kix6aye,ks3lxy2,m6s6834,mbvo2lu"
Loden,kix3xdy
kinda boring,kix3xdy
Elders,"kjzll3q,md40p00"
https://preview.redd.it/tbyor0xwa8fc1.jpeg?width=1789&amp;format=pjpg&amp;auto=webp&amp;s=962598e719087fc5e20f53040c9c03f1dea3c8aa,kjzklxd
https://preview.redd.it/n8jol6l978fc1.jpeg?width=1179&amp;format=pjpg&amp;auto=webp&amp;s=5fade032230c784c17ca25a32e5985f4086f94e7  ,kjzh4tc
Zorobros,kjzh4tc
https://preview.redd.it/yb8qtxtx68fc1.jpeg?width=1169&amp;format=pjpg&amp;auto=webp&amp;s=addc2efb72b49214600f7d7e88a089cc7adae3ea,kjzgrx1
kay,kjzgbnw
Chouchou,kjzg5d8
https://preview.redd.it/7svmyiax38fc1.png?width=320&amp;format=png&amp;auto=webp&amp;s=8f63da07ca62571b22fe601f78fe75387e5cf4e7,kjzdu1u
Based Franky,kjzdth4
Cpt Save-A-Social-Media,kjzchxh
Jesus,"kowybnm,kvb8zkg"
Indra,kowxynu
Sandman,kowvkrt
https://preview.redd.it/wme56s406mgc1.jpeg?width=1600&amp;format=pjpg&amp;auto=webp&amp;s=c5823b7a58ec05bf20e82d5782f7eeb4945f3157,kowvdka
https://preview.redd.it/4i3rd75u5mgc1.jpeg?width=225&amp;format=pjpg&amp;auto=webp&amp;s=6a45b33bcc7341484cde44b6aa1d960c6c4cf96c,kowv7vs
Impel Down  https://preview.redd.it/dj84kas74mgc1.jpeg?width=921&amp;format=pjpg&amp;auto=webp&amp;s=6e43fde7953929916a025cd7a7cf86538dac9478,kowtq6l
Damn ya,kowq2y8
Gorge Jorge Star,kowokwu
Osamu Tezuka,kpyysdp
Blackjack,kpyysdp
Araki,kpyysdp
Trad Wife,kpyy1th
Yasopp,"kpyxoy1,kyi46se,lwg7x6d,lxms44k"
Vs Luffy,kpyw4vm
Beck,kpyu5je
gif](giphy|I8EubTjoUZsUE,kpyts6t
Shin,kpysvxd
Common Wucci W  https://preview.redd.it/gbd5bbdg20ic1.png?width=850&amp;format=png&amp;auto=webp&amp;s=17e563d26a4b2b0d839f19ad5d3fe14b36b8053a,kpyscbh
Wallahi Ussop,kpyrfok
Arpit Bala,kpyq935
Yu-Gi-Oh,kr0zuya
Griffith,kr0zuya
Cumboy,kr0z7vm
https://preview.redd.it/2cmxbvqk4ejc1.png?width=758&amp;format=png&amp;auto=webp&amp;s=8a09a743321ff2596b4024b8b8f365b1a794cf1a,kr0ya74
the King of Pirates,kr0y4yx
WiFi,kr0uxq1
Obama,kr0upsw
Dwayne Johnson,kr0upsw
Hitler,"kr0upsw,m12i0zl"
Bunny,kr0u22n
Sure Luffy,kr0tc0h
Bloodline-,kr0tb07
kabuki plays,kr0s3c9
Tobiroppos,kr0ri5l
Asura Indra,kr0rekd
Wuggy,"kr0qcyh,kr0qczr,liqzplj"
Yoko,kr0qczr
Vladimir Lenin,kr0p2r2
koff koff,ks3t380
https://preview.redd.it/53qs2kfn3skc1.png?width=1200&amp;format=pjpg&amp;auto=webp&amp;s=ca346cd4a4e11fc6bca90496fb7692a09d687c72,ks3s4iw
York,"ks3qipy,ks3hmu4"
https://preview.redd.it/v6muq5al0skc1.jpeg?width=796&amp;format=pjpg&amp;auto=webp&amp;s=fc24a7266c51c751c82830b4a7c2f2cde49c237e,ks3p4mw
https://preview.redd.it/uuztyxhwzrkc1.jpeg?width=483&amp;format=pjpg&amp;auto=webp&amp;s=a57aa693c408233018d573415fa5c05616f6646d,ks3ogbf
White Beard,ks3nkiu
Toon,ks3mt5i
Mappa,ks3mayn
Poseidon,ks3lxy2
MAPPA,ks3ls5m
AOkiji- AKainu Ace- RUns,ks3lk33
https://preview.redd.it/w1i1ru1hurkc1.jpeg?width=1012&amp;format=pjpg&amp;auto=webp&amp;s=5484d70e2075b7536a7337b0366db6dd812c8138,ks3j43k
Common W,ks3htgc
https://preview.redd.it/qsrvu52536mc1.png?width=1080&amp;format=pjpg&amp;auto=webp&amp;s=442a639496f2d63bfb64b9cf66314fa859d7a4a7,kt6oz0u
PRINCE ARC,kt6oec5
Robert „,kt6mei1
Mortimer Adler,kt6lziv
Roger &gt,kt6lyb9
van auger,kt6lsvk
https://media.discordapp.net/attachments/454064103246266369/1211115227714822164/smh-mihawk-fans-gotta-chill-v0-yn31nu1iyxoa1.webp?ex=65f64073&amp;is=65e3cb73&amp;hm=93f88c1f9ff66afefedd23e16c6657f0d3c4b98d06e091b896362e301c1c5557&amp;=&amp;format=webp&amp;width=800&amp;height=510,kt6ktvk
Guano,kt6ktvk
https://preview.redd.it/qxs0g28oy5mc1.jpeg?width=1284&amp;format=pjpg&amp;auto=webp&amp;s=0f92115fa56d164480c8d37e351d8c022ff571e4,kt6koun
a Sue Storm,ku9afl1
Ramadan Mubarak,ku99odh
roger being,ku987t4
Arlong Nami,ku97vsc
Linlin,ku96j5u
IMMA GO OUT,ku96d8a
Ryomas,ku95oaw
Don,"ku953qo,lu1ug3r,lu1qwlp,lu1oo0w,lzwn0v6"
Fortnite,ku92oyx
Ivan,ku90yrv
exoskeleton,ku90yif
Gurnica,kvbhwp3
Atlas,"kvbh55s,kzkbtvj,lv7rj23"
Ray,"kvbgtug,lm5ppia"
Ju Peter,kvbgphx
Lcopper Laban,kvbfwf2
Astro Boy,kvbfuf8
Bozo,kvbfo6g
Venus,kvbdyte
Absalom,"kvbbwxl,kxfnbpg"
https://preview.redd.it/lc23esturxoc1.jpeg?width=828&amp;format=pjpg&amp;auto=webp&amp;s=44816112e830f3c53d089b740cdf9d9cbc74b147,kvbb4rm
Topman,kvbawia
Gorbachev,kvbabe5
Woro,kvba808
https://preview.redd.it/8etgtnmtwbqc1.png?width=1000&amp;format=png&amp;auto=webp&amp;s=921ddef0daae01a17ce12a0d20b34595a7b57e5f,kwdkhlv
Felt,"kwdkevb,m5k55wr"
Loved,kwdkevb
Punk Hazard Sanji,kwdjsj9
Werewolf,kwdjjyd
moon,kwdjjyd
Demon,kwdigw2
Kinnikuman,kwdgybr
Bastard,kwdfwel
Awakening Nika,kwdfubi
Chinjao,kwdfubi
Yamato Sengoku,kwde9ta
Supernovas,kxfp1q5
https://preview.redd.it/8gurv7npvprc1.png?width=720&amp;format=pjpg&amp;auto=webp&amp;s=5d4af57de81b2cdcabb83bf98f4b0343ec70bd09,kxfojo7
Karma,kxfo5le
pervert shit,kxfnbpg
Blip,kxfn6gu
Classic Wranky W,kxfn02w
https://preview.redd.it/0tqg9yn0uprc1.jpeg?width=600&amp;format=pjpg&amp;auto=webp&amp;s=a12ec16caea60af54b1a50fb8880c328a2cb6c43,kxfmy9t
Crydo,"kxfm99h,lxmqzb7"
Midd,"kxflqvb,kyhyz7u"
Logias,"kxfl1v9,m4e4sye"
Surprised Nami,kxfjby5
Flaw,kxfgrdc
Doc Q,kxfgcz7
closest,kxffs38
Fisher Tiger,"kxff3tb,loekhx4"
trvth nvke,kxfe71d
Job Luser,kyibpky
Cinderella,kyibpky
Buggy v. Kizaru,kyibpky
Boa Hanjob,kyibj77
Charlotte Cracker,kyiax7w
Koby Kills Aokiji,kyi978u
Def Leopard,kyi79yb
Jozu Diamond,kyi6x6c
Yonkou Kizaru,kyi4uy9
Bum Himself,kyi46se
Toji Fushigiro,kyi46se
Natoshi Shida,kyi3p28
Lightsaber,kyi26up
Monkey d,kyi24dp
Dalton,kyhzlo4
Bazooka,kyhzlo4
4,"kyhzlo4,m12i7wt"
https://preview.redd.it/400rgkswf3tc1.png?width=640&amp;format=png&amp;auto=webp&amp;s=bd4b8555a3a9362914c5f9370a8b7448f13a9b01  ,kyhys5b
Redditor,kzkkod4
Nasty,kzkjlfl
Zoomu zoomu zoomu,kzkj1e3
Zunesha 🤤,kzkhsbp
Vinsmoker,kzkgnff
theirs gender,kzkchdb
Marco  https://preview.redd.it/lulyvh2fjhuc1.jpeg?width=837&amp;format=pjpg&amp;auto=webp&amp;s=953d4e510bd625b8fbe64b81a5e3177a4f16f249,kzkc2kg
Luffy Roger,kzkc0fj
Ronaldo,kzkc0fj
Hmm  Redon,kzkbt5q
https://preview.redd.it/x9adgn5uihuc1.jpeg?width=1300&amp;format=pjpg&amp;auto=webp&amp;s=0d1cc168b737713e5af67335bad5ea10d8a147cd,kzkbmq8
https://preview.redd.it/cw2mkltkhhuc1.jpeg?width=991&amp;format=pjpg&amp;auto=webp&amp;s=72cb8032530db85622cd259d1a4710fc99508d48,kzkaazn
pell,"kzk9olo,ll0y1tm,lys3xwb"
stupid villan,kzk9lkk
Rob Lucci,kzk8cbx
St Venus,kzk8cbx
St Saturn,kzk8cbx
Letflix,kzk8509
Vegeta,"kzk7x7p,m5kee1b,m6sf42g"
Chris Sabbat,kzk7x7p
Cyrano,liran1q
Tosen,"lir7s26,lir7o0w"
Nah Mihawk,liqz32z
SWORDSMAN,liquqfg
Tbf Robin,liquilw
Tony Valente,liqs2a5
🤔🤔🤔,liqqy3x
Abd,liqqvlm
abd wifi,liqqvlm
roger abd wb,liqqel7
abd oda,liqqel7
oda mafe,liqp995
Roger agenda,liqoqer
Smoothie,liqmy92
Roshi,"liqjg71,m273sf0,m80p284"
Anyways Shanks,liqip60
Lusopp,ljwe2tr
Dragonball,"ljwdowy,lm5pidg"
Yorks,ljwcv1c
Pythagoras,ljwcv1c
Joyboys,ljwbw45
Chainsaw Man,ljwarry
Tatsuki Fujimoto,ljwarry
Law Blackbeard,ljw9bro
Toriyama,"ljw98s2,lwgdx57"
Dbz,ljw930p
Yuta,ljw8h0q
Flash,ljw7m8q
Sonic,ljw7m8q
Roronoa “Asthma Attack,ljw7clt
Dressrossa  Doffy,ll15w89
moron,ll15w89
Fr,ll15vtr
Sailor Moon,ll15ebl
Wit,ll15ebl
Brooks,"ll14m72,ll14c7p"
Odas,ll131ip
Whiskey Peak,ll12hav
Wapols,ll12hav
Bumssopp,ll11v1v
Wonder,ll117sr
Laugh,ll117sr
murder tons,ll116lw
Bounty,ll116lw
Hunt,ll116lw
Will,ll10mj8
Woooow,ll10k44
Edo Tensei,ll10ftb
Kabuto,ll10ftb
Sakura,"ll10ftb,m9b9jef,m9b5fvr,medtmvp,mgw3z3l"
sakura,ll10ftb
Hashirama,ll10ftb
madara,"ll10ftb,lzwmal9"
Kakashi,ll10ftb
Tobirama,ll10ftb
Vinrylgrave btw,ll0zngg
Drive,ll0z6s6
https://preview.redd.it/whwrhkguq8md1.png?width=720&amp;format=png&amp;auto=webp&amp;s=43b63adb18156d176e4837f45eb60b95c56536ab,ll0z3t2
mm,ll0z2bf
Roger Death,ll0yuf8
Mario,"lm5rrih,lm5ppia"
Invankov,lm5rrih
Peach,lm5rrih
Bowser,"lm5rrih,lm5ppia"
Bon Clay,"lm5rrih,m3bemv9"
Perona,lm5qsqg
Garling,"lm5qnj8,lm5j5ol,lm5hsxi,lm5exi6,loeogos,loenmlu,lv800cg"
Poneglyphs,lm5q375
roger son,lm5pu2f
roger ace,lm5pu2f
Without Luffy,lm5ppia
Gohan,"lm5pidg,mfn56pc"
Monet,"lm5nimc,lv7wai5,lv7tyju,lv7s16u,lv7q7as,m279vb1,m4e5ycp,m6scm5v,m810ebt,mbvmlkf"
Wacky,lm5ltdd
Lika,lm5km97
Ichi Ro,lm5juap
Boa Hancock,lm5i1o8
n166a,lm5gak8
yang,lm5fkrg
Fairy Tail,"lnak6tw,m4e9ong"
Gin,"lnaitaf,m4e8cw8"
Don Krieg's,"lnahk4w,lnahfly"
dressorssa oda,lnah6z7
Bellemere,"lnaewgb,m12f40d"
https://preview.redd.it/s3brwjkgo0pd1.png?width=1080&amp;format=pjpg&amp;auto=webp&amp;s=69aa636af446a96547e4c462b2869417642f17ea,lnadsns
Franky’s,lnach7h
Doraemon,lnach7h
Youtubers,lnab29q
Evil,lnaavat
https://preview.redd.it/1chffwp0teqd1.png?width=1228&amp;format=pjpg&amp;auto=webp&amp;s=9f56e42d4f7b9d3237ad701c5c8fa3a335c0422a  ,loep4h3
Jack Horner,loeopv1
Y'know,loeopv1
Lily,"loeohif,loejlyj,m9ba391"
Taniguchi,loeogos
Yipee,loeobuq
Tall,loensbv
Figarlands,loenmlu
"Ju Peter, a.k.a",loen1b3
Gorosei Lincoln/Grant,loen1b3
Rare Toei W  Same,loemlok
Peter,"loemk3c,lqnkvpx"
chuck,loemfs7
Bachelorette,loelm6g
Ben,"loel53z,lzwlbdn"
Murder Drones,loejlyj
https://preview.redd.it/6amhvd1nmeqd1.jpeg?width=1635&amp;format=pjpg&amp;auto=webp&amp;s=eef96a0c75ad2657a02af7ba11491b0ebc2a755a,loej531
Bege,"lpj96wl,md40wzu"
Anything Luffy,lpj96wl
Whole Cake,"lpj96wl,lzwm219,m6sgbpg"
https://preview.redd.it/jjotli2qpsrd1.jpeg?width=703&amp;format=pjpg&amp;auto=webp&amp;s=301c38c90112ab026c6a75241d1f4a71d1798a71,lpj8owg
Hody,lpj4mmj
Bad,lpj38sz
https://preview.redd.it/irs2oixmjsrd1.png?width=633&amp;format=pjpg&amp;auto=webp&amp;s=6ba20ff4bf3257892fc2c46bfd14d9cc4faf7a67,lpj27dd
oda fangirls,lpizxj6
Roger Pirates,lpizk6p
Sungod,lqnse3o
Hol Horse,lqnsb48
Arrancar,lqnrv07
Vegabum,lqnmoqg
Tsurgi,lqnm4a6
Seth McFarlane,lqnkvpx
Thor,lqnjson
Luffy vs Lucci,lqnjjsa
Willer,lqniyh0
Sousen,lqngm97
Megumi,lqngm97
Tall Woman,lrrh343
https://preview.redd.it/7tcr7l9xnkud1.jpeg?width=1280&amp;format=pjpg&amp;auto=webp&amp;s=0d716c9ac108c0437a2e18dc77de61c72c2ea2f8,lrrh21d
WIT,lrrgpx5
Fuckk,lrreuoc
https://preview.redd.it/ndwcmvhlikud1.jpeg?width=540&amp;format=pjpg&amp;auto=webp&amp;s=2174a3611f5ea147430d18bfd8cf49b039fceb37,lrrbji8
Demaro,lrrbfh7
Common Ulti W,lrrausz
Marine Ford,lrra5kx
Haki Aura,lrra5kx
kick Loro,lrr90aq
Ulti,lrr8anw
MC Nami,lrr84il
Pirating,lrr83u1
Mangabull,lrr836p
Peak,lsvxeec
Lo D. A,lsvwibt
Luffy Gear 5,lsvwbtu
Megumi Ishitani,lsvwbrv
Waldino,lsvw61x
Roger v WB,lsvvb6b
Loki,"lsvuptd,lsvtu6q,lwgcx2j,lwgcsj8,lwgajm3,lzwhwcd,m27i8e4,m811vc2,medtrw1,mfn57ji"
Lola,"lsvuptd,lsvrhre"
Additionaly,lsvulcq
Æsir,lsvtu6q
Sleipnir,lsvtu6q
Svaðilfari,lsvtu6q
Freyja,lsvtu6q
Gangleri,lsvtu6q
Miss,lsvt8x2
Sam,lsvt4jc
Turns,lsvt4jc
Yokai,lsvt4jc
Pink,"lsvs8u0,md3vifl"
Long Ling Long Land,lsvrwsi
https://preview.redd.it/cytlbpq9hyvd1.jpeg?width=3024&amp;format=pjpg&amp;auto=webp&amp;s=c8e311537c6f5504f2aacfe1af40797e14ab0335  Stfu,lsvrpfz
enis lobby,lsvrgyz
Kind,lsvq9x7
Run Piece,lu1yez4
DETACH,lu1xxyq
Netero,"lu1xequ,lu1p9hi,lu1oe5b"
Navigation,lu1vo7u
Mizu Mizu No Mi  Water Logia,lu1uty6
a zeus nuke,lu1sxzu
Chris Sabat,lu1sfue
Ross,lu1s4dr
Schrift  Sternritter M - Za,lu1rskx
Brulee,lu1r5rj
Jinbei,lu1r5rj
nah ngl,lu1qfmw
roger wb,lu1pzp5
Tifa,lu1omtj
Yuki,lv8207h
https://preview.redd.it/xvd1xkociqyd1.png?width=392&amp;format=png&amp;auto=webp&amp;s=2cf1d47872d28285268437360fe8393a3af7c8d5,lv81y72
Rebecca,"lv81r89,m5kdlk1"
Zorro,"lv81r89,lv81otg"
Franky Brook Nami,lv81otg
Helmeppo,"lv814da,lys6ujm"
Cipher Pol,lv7zixg
Crowns,lv7zixg
Buster Calls,lv7zixg
Spandam,lv7y133
nah yamato,lv7wqqi
Acno,lv7u5uv
Igneel,lv7u5uv
aka doflamingo,lv7s16u
Swordsman,lv7s16u
https://preview.redd.it/vmfvzlov8qyd1.png?width=640&amp;format=png&amp;auto=webp&amp;s=5b869c794a6b21e97cabbcb1dd52444b42f0bcb7,lv7r4w3
Boss,"lv7qytx,m80y98n"
Ceaser Clown,lv7qxef
Bon Clay  Worst,lv7qxef
zoros training,lv7p7qq
Monkey D. Kong,lv7n77d
Admin,lwgdllc
Twinbrother el hermana,lwgd0xp
Jaya,lwgajm3
https://preview.redd.it/qsu9d25vd40e1.jpeg?width=1080&amp;format=pjpg&amp;auto=webp&amp;s=77845f2f5574e48703c73ff762270e9171869189,lwgaei5
Risotto Nero,lwg995f
Aerosmith,lwg995f
VC,lwg8pvm
Shyrui,lwg8gys
Aramaki,lwg7m67
nah Kirosh,lwg7a3x
Film Red Shanks,lxms44k
Bone Clay,lxmpmnn
Revert,lxmpcvh
marie jois,lxmp86c
marie jois  ,lxmp86c
Noland,lxmnqr3
Kumas,"lxmnqr3,lxmmsnv"
Stan Zoro,lxmly4d
Lunchables,lxml7bn
Lunchly,lxml7bn
Logan Paul,lxml7bn
luffys attack,lxml1va
Betray,lxmirx1
Subject,lxmi529
Iceberg,lys7956
Rika,lys6ujm
Ewww,lys36ix
Pdo,lys23r8
Krieg,lys1rtg
https://preview.redd.it/gg31157g8w2e1.jpeg?width=205&amp;format=pjpg&amp;auto=webp&amp;s=0ef3c46aeee9fa3699c2a8a97b516c54241748d7,lys0z57
krieg,lys0hox
Bat Gos,lzwvjnp
Will Luffy,lzwuhnr
Susukuna,lzws8r7
darth vader,lzws88i
Darwin,lzws88i
kidd,lzwrtlb
ben,lzwrtlb
Ben Becktwink,lzwr4u2
Sickbeard,lzwop95
Zeff,"lzwo9uy,lzwn0v6"
Widd,lzwnxmf
Maggellan,lzwnrdi
Charles Darwin,lzwn87e
Darth Vader,lzwn87e
Imagine Luke,lzwn87e
Cancerbeard,lzwmzi7
Beckam,lzwmgix
kakashi,lzwmal9
Gladio,lzwm8mj
Marinford,lzwm7xx
Gerd,lzwlt50
Road,lzwlt50
Sopp,lzwlj7a
don krieg,"lzwi4lh,medyrjb"
Nah Luffy,m12le6d
Mickey D’s,m12kpad
Realistically,m12iegf
Kalifa,m12hsjp
kamala,"m12hlx5,m12fkpu"
Smile Trader,m12hctz
Dressdrosa,m12gxn6
DG Og,m12go6o
Genocide,m12g4w2
Mcdonald Supports Genocide,m12g4w2
Gura Gura,m12fuks
JoJo,m27iow5
Sanderson,m27igfw
https://preview.redd.it/kr4vj5x6827e1.jpeg?width=582&amp;format=pjpg&amp;auto=webp&amp;s=08e02d0fa2adf883b19f467718c875bd84e22f1b  Example 1,m27hw0g
Elbaph,m27fz97
https://preview.redd.it/p3xkwfpx027e1.jpeg?width=1080&amp;format=pjpg&amp;auto=webp&amp;s=cf6e771e4971874aae73aedcdd0e561420c64918  Never,m279yoq
Nojiko,m279yoq
Danjiro,"m27753d,m275z00"
Breaking Bad,"m275v0k,m26yurx"
https://preview.redd.it/px8spy2yr17e1.jpeg?width=828&amp;format=pjpg&amp;auto=webp&amp;s=bf41a455208fb49fbdc4117806184c74fb3c92e0,m270lhd
Mfw,m26yen7
https://preview.redd.it/octgia1tp17e1.jpeg?width=1179&amp;format=pjpg&amp;auto=webp&amp;s=43b1ad2756663d7a2ebe54a606f3de651f3f56f6,m26yen7
kumas,m3bmqr9
https://www.reddit.com/r/OnePiece/s/QymzvW7Taj  ,m3bly8o
El Hermano,m3biw71
yu yu hakusho,m3biqn7
Zoinks Straw,m3bi7ef
Chance,m3bhc4z
Op,m3bh7oq
Lopper,m3bgt0i
nitpick DEEZ NUTS,m3bgile
George R.R. Martin,m3bgd9n
God,m3bgd9n
Arlong Park,m3bfs84
Fuck Loei,m3bfd18
Sauls,m3bfbi5
Sen Hatsumi,m3bepdw
Pagaya,m3bemv9
mush,m4e9tcn
Joe,m4e9tcn
Lee,m4e6kf1
neg Arlong,m4e690p
Wanda,m4e5ycp
dan dan dan,m4e5juv
Kisame,m4e5g4p
https://preview.redd.it/5yurnfy40u9e1.jpeg?width=750&amp;format=pjpg&amp;auto=webp&amp;s=8201279f7dee839bd6b0a83486e9b8a782d8f736,m4e3jyg
Haahaaa  Lol,m5ke4gs
Yoooooooooo,m5k8ha9
Roblox,m6sfqlo
neato,m6senid
Buster Call’s,m6sdza4
ya,m6sdew3
Eraserhead,m6sc8v2
Kurogiri,m6sc8v2
Arlong WILLINGLY,m6sb9i7
https://preview.redd.it/fvmd37rdylce1.jpeg?width=750&amp;format=pjpg&amp;auto=webp&amp;s=d4b43ff4d7695cf77144a96f2d0d0454a1077413  Keep,m6satdg
Kozuki Oden,m6s85g2
Haku,m6s85g2
Buggy the Clown,m6s85g2
GOATA,m6s6h93
Quick Martin,m6s6h93
Ned Stark,m6s6h93
Loss,m6s5xz5
akoji,m6s4ayv
Luffy V Shonks,m811vc2
Marine Fodder,m811moc
Ngl Helmeppo,m80zqqc
Roger’s,m80ys0r
Gunko,"m80xnlz,m80tjry"
Char,m80v7t7
Mineta,m80kszy
mayb 2,m9bam1r
Nami vs Kalifa,m9b9jef
Dude Kaido,m9b8til
Bullshit,m9b8lmt
mannerisms,m9b5q9n
Paul,m9b5q9n
Batgod,m9b5q9n
SMILE,m9b48wf
Tobbiroppo,m9b48wf
kaido kinda,m9b46b3
Wothpit Nami,m9b40k8
Shamrock,m9b2z0e
Ya,m9b13xz
Pain,m9b0tp9
Akatsuki,m9b0tp9
https://preview.redd.it/5q89jt7uqdfe1.jpeg?width=500&amp;format=pjpg&amp;auto=webp&amp;s=0d41aaf6c4269595f9dd59bef9855672142ef70a,m9azmy2
’s Shanks,m9az8bf
Aeneid,malj2kv
Boy,malit39
Pirate King,malit2f
Azathoth,malhvi7
Korok Seed,malh2he
GoatBeard Agenda  https://preview.redd.it/nznd20hbrrge1.jpeg?width=720&amp;format=pjpg&amp;auto=webp&amp;s=dcbe2f808473137a8d3dec7e4a594611bff4c8cd,malfyq5
Pele,malfbk9
thoppu thoppu thappu,malf349
Lore,malex9n
New Shanks,malef6y
Jiriya,maleefo
Dawn,male7gg
Millennium,male7gg
Forgot Rayleigh,maldmk9
Reiju,mbvuhy2
🤣,mbvuhy2
Harvey Weinstein,mbvs1cs
Adderall,mbvr9ts
Woody Woodman,mbvq425
Clam,mbvq425
Bantingy,mbvq425
Monkey D. Pao,mbvq425
Lizel,mbvq425
Pesca,mbvq425
Romeo,mbvq425
Kureha,mbvpsea
Buggy’s Dad,mbvl2ky
D. Roger,md49h0v
Solomon,md48v1c
Tony,md4838w
Bidet,md47ea1
Saiyan,md45nr4
Galdino,md45n49
timey muskets,md43m7i
Lol Wista,md42exe
Rip,md41uyi
Punk Green,md3xvb4
Redo,md3xme8
nami,medxuff
Shameless,medv2he
Akainu,medusis
Garth Ennis'',medusis
Zypher,"medusis,mfn6ssv"
❌  Being,meduquv
Attack Family,meduquv
Noelle,medtmvp
Goonami,medt4bk
Zoro Hiyori,medsln8
Sanji Pudding,medsln8
hiyori  Sanji,medrmfw
Very Interesting,mfngvfp
Mangas,mfngvfp
Manga Exclusive,mfngvfp
DragonBall,mfngvfp
Common Wakainu,mfng05y
Jet Gatling,mfnfq9x
MiBum,mfnfh3m
Dragon ball- kinsa,mfneykm
Sasuke vs Naurto,mfnensg
Jiraiya,mfnensg
jagi,mfndrjf
Neo-Marine,mfncgvt
Film Z.,mfnam0s
Eric,mfn9qdj
Ussop Yassop's,mfn8qym
the Neo Marines,mfn87f7
Top Dawg,mfn73ou
Humbled Magellan,mfn73ou
Gohan vs Cell,mfn5vvs
Renji,mfn5iiw
uliqora vs ichigo,mfn4z7w
jack shit,mgwatrq
https://preview.redd.it/6wxeoh82npne1.jpeg?width=1170&amp;format=pjpg&amp;auto=webp&amp;s=688222142209d9e01b12d5e26fc25e9e9710f86c,mgw8ei8
Monarch,mgw70fe
SWORD Boss,mgw4p6z
Mugiwaras,mgw4p6z
Rice Cracker Comittee,mgw4p6z
Usopp square,mgw33iy
😤😤😤,mgw33iy
Wether,mgw1n27
Pedo Sanji,mgw1mdq
Hassan,mgw0rg7
Loronoa,mgw0d3j
https://preview.redd.it/kugsib7jfpne1.jpeg?width=698&amp;format=pjpg&amp;auto=webp&amp;s=6439cd481c5e137242dba0e7bcb1746f2b6ee8e0,mgvzxl1
